{"cameraMode":{"drawMode":0,"name":"Shaded","section":"Shading Mode"},"sceneLighting":true,"audioPlay":false,"sceneViewState":{"showFog":true,"showMaterialUpdate":false,"showSkybox":true,"showFlares":true,"showImageEffects":true,"showParticleSystems":true},"in2DMode":false,"pivot":{"x":3.79245924949646,"y":1.557673454284668,"z":0.922637939453125},"rotation":{"x":0.0013323030434548855,"y":0.9637166857719421,"z":-0.2670368254184723,"w":0.004633078817278147},"size":21.127553939819337,"orthographic":false}