{"cameraMode":{"drawMode":0,"name":"Shaded","section":"Shading Mode"},"sceneLighting":false,"audioPlay":false,"sceneViewState":{"showFog":true,"showMaterialUpdate":false,"showSkybox":false,"showFlares":true,"showImageEffects":true,"showParticleSystems":true},"in2DMode":false,"pivot":{"x":-0.3359999656677246,"y":0.8569999933242798,"z":4.988999843597412},"rotation":{"x":-0.40531209111213686,"y":-0.0008415358606725931,"z":0.0003396984830033034,"w":-0.9142049551010132},"size":2.2442433834075929,"orthographic":false}