{"cameraMode":{"drawMode":0,"name":"Shaded","section":"Shading Mode"},"sceneLighting":false,"audioPlay":false,"sceneViewState":{"showFog":true,"showMaterialUpdate":false,"showSkybox":false,"showFlares":true,"showImageEffects":true,"showParticleSystems":true},"in2DMode":false,"pivot":{"x":0.6499999761581421,"y":0.6174999475479126,"z":-4.181250095367432},"rotation":{"x":-0.142849862575531,"y":-0.6753777861595154,"z":0.1356828808784485,"w":-0.7107053995132446},"size":1.9270638227462769,"orthographic":false}