{"cameraMode":{"drawMode":0,"name":"Shaded","section":"Shading Mode"},"sceneLighting":true,"audioPlay":false,"sceneViewState":{"showFog":true,"showMaterialUpdate":false,"showSkybox":true,"showFlares":true,"showImageEffects":true,"showParticleSystems":true},"in2DMode":false,"pivot":{"x":2.6705539226531984,"y":2.5648813247680666,"z":-3.336099624633789},"rotation":{"x":-0.4946850538253784,"y":0.03046587109565735,"z":-0.017405617982149125,"w":-0.8683944940567017},"size":6.727065563201904,"orthographic":false}