{"cameraMode":{"drawMode":0,"name":"Shaded","section":"Shading Mode"},"sceneLighting":false,"audioPlay":false,"sceneViewState":{"showFog":true,"showMaterialUpdate":false,"showSkybox":false,"showFlares":true,"showImageEffects":true,"showParticleSystems":true},"in2DMode":false,"pivot":{"x":-0.32342422008514407,"y":0.4740000069141388,"z":-2.1500000953674318},"rotation":{"x":0.15904317796230317,"y":0.8382613658905029,"z":-0.33026376366615298,"w":0.4036884307861328},"size":0.35001757740974429,"orthographic":false}