{"cameraMode":{"drawMode":0,"name":"Shaded","section":"Shading Mode"},"sceneLighting":false,"audioPlay":false,"sceneViewState":{"showFog":true,"showMaterialUpdate":false,"showSkybox":false,"showFlares":true,"showImageEffects":true,"showParticleSystems":true},"in2DMode":false,"pivot":{"x":0.0,"y":0.9900000095367432,"z":-3.322999954223633},"rotation":{"x":0.08048464357852936,"y":0.7951809763908386,"z":-0.1082572266459465,"w":0.5911827683448792},"size":0.28578826785087588,"orthographic":false}