{"cameraMode":{"drawMode":0,"name":"Shaded","section":"Shading Mode"},"sceneLighting":false,"audioPlay":false,"sceneViewState":{"showFog":true,"showMaterialUpdate":false,"showSkybox":false,"showFlares":true,"showImageEffects":true,"showParticleSystems":true},"in2DMode":false,"pivot":{"x":0.6500135064125061,"y":0.5007966160774231,"z":-3.2894656658172609},"rotation":{"x":-0.40531209111213686,"y":-0.0008415358606725931,"z":0.0003396984830033034,"w":-0.9142049551010132},"size":0.8573654294013977,"orthographic":false}